energy eV,norm,nbkg,flat,fbkg,nder,nsec
4767.123,0.029711799,0.0297118,0.0297118,0.0297118,0.00019433259,-2.6807014e-05
4777.137,0.031657846,0.031657847,0.031657847,0.031657847,-7.4112853e-05,-2.7038075e-05
4787.138,0.02822843,0.028228431,0.028228431,0.028228431,-0.00034683449,-1.2496599e-05
4797.137,0.024721156,0.024721157,0.024721156,0.024721157,-0.00032404483,1.7698527e-06
4807.135,0.021748506,0.021748507,0.021748507,0.021748507,-0.00031144275,2.5245497e-06
4817.132,0.018493858,0.018493859,0.018493859,0.018493859,-0.00027356646,3.1287029e-06
4827.128,0.016279092,0.016279092,0.016279092,0.016279092,-0.00024889059,-4.1113113e-08
4837.13,0.013516544,0.013516544,0.013516544,0.013516544,-0.00027438864,1.5039323e-06
4847.134,0.010789673,0.010789673,0.010789673,0.010789673,-0.00021880292,3.19031e-06
4857.133,0.0091398291,0.0091398294,0.0091398293,0.0091398294,-0.00021057287,3.6773558e-07
4867.133,0.006578426,0.0065784262,0.0065784262,0.0065784262,-0.00021144858,2.9236691e-06
4877.132,0.004911069,0.0049110691,0.0049110691,0.0049110691,-0.00015210241,2.558957e-06
4887.131,0.0035366821,0.0035366822,0.0035366822,0.0035366822,-0.00016027456,-1.2817447e-06
4897.13,0.0017058984,0.0017058984,0.0017058984,0.0017058984,-0.00017773474,2.2427048e-06
4907.13,-1.7834949e-05,-1.7834935e-05,-1.783495e-05,-1.7834935e-05,-0.0001154227,6.120746e-06
4917.129,-0.00060244027,-0.00060244027,-0.00060244029,-0.00060244027,-5.5325938e-05,2.2967509e-06
4927.13,-0.0011243537,-0.0011243537,-0.0011243537,-0.0011243537,-6.9487686e-05,-2.2043733e-06
4937.131,-0.001992333,-0.001992333,-0.001992333,-0.001992333,-9.9417814e-05,6.2144026e-06
4939.126,-0.0023169698,-0.0023169699,-0.0023169699,-0.0023169699,5.0602874e-06,7.0027282e-05
4941.125,-0.0019721222,-0.0019721222,-0.0019721222,-0.0019721222,0.00018027115,1.2337354e-05
4943.124,-0.0015962457,-0.0015962458,-0.0015962458,-0.0015962458,5.4385029e-05,-6.0485918e-05
4945.125,-0.0017545821,-0.0017545821,-0.0017545821,-0.0017545821,-6.1672521e-05,-2.740595e-05
4947.137,-0.0018437376,-0.0018437376,-0.0018437376,-0.0018437376,-5.559505e-05,2.8157982e-05
4949.128,-0.001977129,-0.0019771291,-0.0019771291,-0.0019771291,5.1043883e-05,2.3583203e-05
4951.134,-0.0016397152,-0.0016397152,-0.0016397152,-0.0016397152,3.866701e-05,4.2181522e-05
4953.137,-0.001822113,-0.001822113,-0.0018221131,-0.001822113,0.0002201496,7.7094868e-05
4955.136,-0.00075867645,-0.00075867646,-0.00075867647,-0.00075867646,0.00034720067,-6.1625994e-06
4957.137,-0.00043331031,-0.00043331031,-0.00043331033,-0.00043331031,0.00019549921,-0.00017122605
4957.377,-0.00032056273,-0.00032056273,-0.00032056274,-0.00032056273,-3.6516912e-05,-0.00094862713
4957.624,-0.00045109405,-0.00045109405,-0.00045109406,-0.00045109405,-0.00026648221,-0.00080624059
4957.874,-0.00045300439,-0.00045300439,-0.0004530044,-0.00045300439,-0.00043721849,0.00095121787
4958.124,-0.00066970329,-0.0006697033,-0.00066970331,-0.0006697033,0.00020912673,0.0041316104
4958.374,-0.00034844103,-0.00034844102,-0.00034844104,-0.00034844102,0.0016285867,-0.00016537082
4958.623,0.00014296148,0.0001429615,0.00014296148,0.0001429615,0.00012660669,-0.0049408528
4958.873,-0.00028526429,-0.00028526428,-0.0002852643,-0.00028526428,-0.00083689886,0.00039274867
4959.125,-0.00027716175,-0.00027716174,-0.00027716176,-0.00027716174,0.00032376652,0.0025233959
4959.375,-0.0001227335,-0.00012273349,-0.0001227335,-0.00012273349,0.00042984588,0.0020915056
4959.625,-6.2238811e-05,-6.2238797e-05,-6.2238813e-05,-6.2238797e-05,0.0013695193,0.0017478485
4959.874,0.00056065664,0.00056065667,0.00056065665,0.00056065667,0.0013020223,-0.0031178046
4960.126,0.00059007436,0.00059007439,0.00059007437,0.00059007439,-0.00019250079,-0.0029707449
4960.375,0.00046421374,0.00046421377,0.00046421375,0.00046421377,-0.00018632092,0.0015135833
4960.626,0.00049691389,0.00049691392,0.00049691391,0.00049691392,0.00056429087,0.0022523729
4960.874,0.00074579488,0.00074579492,0.0007457949,0.00074579492,0.00093761315,-0.00024876092
4961.126,0.00096572047,0.00096572051,0.0009657205,0.00096572051,0.00043991041,0.00036384163
4961.378,0.00096750973,0.00096750977,0.00096750976,0.00096750977,0.0011209893,0.0012516662
4961.627,0.0015273361,0.0015273362,0.0015273362,0.0015273362,0.0010669952,-0.0017539399
4961.877,0.0014999403,0.0014999404,0.0014999404,0.0014999404,0.00024577332,-0.0018783451
4962.128,0.0016504686,0.0016504686,0.0016504686,0.0016504686,0.00012594427,0.00015663079
4962.375,0.0015626606,0.0015626606,0.0015626606,0.0015626606,0.00032377546,0.0025597933
4962.624,0.0018110612,0.0018110613,0.0018110612,0.0018110613,0.0013956018,0.0015003681
4962.876,0.002261857,0.0022618571,0.0022618571,0.0022618571,0.0010754599,-0.00045582825
4963.127,0.0023520175,0.0023520176,0.0023520176,0.0023520176,0.0011663202,-0.00073983347
4963.379,0.0028485161,0.0028485162,0.0028485162,0.0028485162,0.00070332364,-0.00058199309
4963.629,0.002705086,0.0027050861,0.002705086,0.0027050861,0.00087415962,0.0024667791
4963.878,0.0032847217,0.0032847218,0.0032847218,0.0032847218,0.0019342464,0.00049646141
4964.129,0.0036722092,0.0036722093,0.0036722093,0.0036722093,0.0011223903,-0.00041410676
4964.379,0.0038470393,0.0038470394,0.0038470394,0.0038470394,0.0017267789,0.0017289984
4964.627,0.0045321451,0.0045321452,0.0045321452,0.0045321452,0.0019834315,-0.00069629557
4964.876,0.0048328048,0.0048328049,0.0048328049,0.0048328049,0.00138072,-0.00022197198
4965.13,0.0052266473,0.0052266474,0.0052266474,0.0052266474,0.0018717796,0.0027339222
4965.376,0.0057686946,0.0057686948,0.0057686948,0.0057686948,0.0027476811,0.0028506229
4965.629,0.0065977401,0.0065977403,0.0065977403,0.0065977403,0.0032942405,0.0024658874
4965.879,0.0074256975,0.0074256978,0.0074256978,0.0074256978,0.0039880225,0.00244395
4966.128,0.0085877634,0.0085877636,0.0085877636,0.0085877636,0.0045137715,0.0028351088
4966.381,0.0096916108,0.0096916111,0.0096916111,0.0096916111,0.0054112471,0.0055883246
4966.627,0.011287976,0.011287976,0.011287976,0.011287976,0.0073023455,0.0092512074
4966.877,0.013313574,0.013313575,0.013313575,0.013313575,0.009999846,0.01634416
4967.128,0.016297899,0.016297899,0.016297899,0.016297899,0.01549077,0.028369138
4967.382,0.021136413,0.021136414,0.021136414,0.021136414,0.024326261,0.049280812
4967.63,0.028509681,0.028509682,0.028509682,0.028509682,0.040229737,0.083308384
4967.88,0.041170822,0.041170823,0.041170823,0.041170823,0.065813836,0.089726528
4968.131,0.061482413,0.061482415,0.061482415,0.061482415,0.085182728,0.010934651
4968.378,0.083591821,0.083591823,0.083591823,0.083591823,0.071259292,-0.14037839
4968.628,0.096898281,0.096898284,0.096898284,0.096898284,0.015414668,-0.23126592
4968.879,0.091314569,0.091314572,0.091314572,0.091314572,-0.044604932,-0.14824813
4969.129,0.07455121,0.074551212,0.074551212,0.074551212,-0.058857644,0.031697068
4969.377,0.062003462,0.062003464,0.062003464,0.062003464,-0.028819792,0.14702114
4969.629,0.060141314,0.060141316,0.060141316,0.060141316,0.014652923,0.15716742
4969.879,0.06935923,0.069359232,0.069359232,0.069359232,0.050078252,0.096627572
4970.129,0.08518044,0.085180442,0.085180442,0.085180442,0.062966709,0.0090458013
4970.379,0.10084258,0.10084259,0.10084259,0.10084259,0.054601153,-0.037609984
4970.627,0.11237181,0.11237182,0.11237182,0.11237182,0.044236937,-0.010493829
4970.88,0.12300529,0.12300529,0.12300529,0.12300529,0.049343744,0.026572321
4971.13,0.13719172,0.13719172,0.13719172,0.13719172,0.057602815,-0.00070177926
4971.381,0.1518643,0.1518643,0.1518643,0.1518643,0.048992153,-0.074003549
4971.633,0.16183477,0.16183478,0.16183478,0.16183478,0.02037903,-0.1325917
4971.88,0.16203344,0.16203344,0.16203344,0.16203344,-0.017171105,-0.12485188
4972.132,0.15326639,0.15326639,0.15326639,0.15326639,-0.041922057,-0.056315411
4972.379,0.14111433,0.14111433,0.14111433,0.14111433,-0.045272495,0.023152626
4972.629,0.13076596,0.13076596,0.13076596,0.13076596,-0.030415202,0.082974181
4972.878,0.12593714,0.12593715,0.12593715,0.12593715,-0.0038683792,0.10665558
4973.13,0.1288279,0.1288279,0.1288279,0.1288279,0.023019241,0.085194382
4973.382,0.13753884,0.13753884,0.13753884,0.13753884,0.039069589,0.029220785
4973.632,0.14844083,0.14844084,0.14844084,0.14844084,0.037688075,-0.034554444
4973.882,0.15638288,0.15638288,0.15638288,0.15638288,0.021792368,-0.074406571
4974.131,0.15931523,0.15931523,0.15931523,0.15931523,0.00055919583,-0.0798802
4974.379,0.1566608,0.1566608,0.1566608,0.1566608,-0.017908092,-0.056198972
4974.631,0.15036118,0.15036118,0.15036118,0.15036118,-0.02754029,-0.02895166
4974.88,0.14286311,0.14286312,0.14286312,0.14286312,-0.032412874,-0.0085929585
4975.127,0.13428439,0.1342844,0.1342844,0.1342844,-0.031802398,0.014366394
4975.381,0.12693011,0.12693012,0.12693012,0.12693012,-0.02521531,0.032138557
4975.632,0.12155066,0.12155067,0.12155067,0.12155067,-0.015572426,0.041617962
4975.885,0.11908161,0.11908161,0.11908161,0.11908161,-0.0042398575,0.047864301
4976.131,0.11943497,0.11943498,0.11943498,0.11943498,0.0083118603,0.050606145
4976.381,0.12320429,0.1232043,0.1232043,0.1232043,0.020860791,0.047592641
4976.631,0.12986537,0.12986537,0.12986537,0.12986537,0.032108181,0.046157568
4976.877,0.13912995,0.13912995,0.13912995,0.13912995,0.043754944,0.04031336
4977.13,0.15169909,0.15169909,0.15169909,0.15169909,0.052224547,0.030750146
4977.384,0.16560779,0.1656078,0.1656078,0.1656078,0.059345268,0.029181983
4977.63,0.18137172,0.18137173,0.18137173,0.18137173,0.066815539,0.027448028
4977.883,0.19894875,0.19894875,0.19894875,0.19894875,0.073041834,0.022591255
4978.128,0.21774655,0.21774656,0.21774656,0.21774656,0.078065984,0.014143782
4978.379,0.23766948,0.23766948,0.23766948,0.23766948,0.08005715,0.010760326
4978.628,0.25777513,0.25777514,0.25777514,0.25777514,0.083446147,0.012047804
4978.878,0.2793091,0.27930911,0.27930911,0.27930911,0.086069004,0.001317183
4979.133,0.30123998,0.30123998,0.30123998,0.30123998,0.084111324,-0.016591526
4979.381,0.3216171,0.32161711,0.32161711,0.32161711,0.077723467,-0.037073996
4979.632,0.34002399,0.340024,0.340024,0.340024,0.0656114,-0.05917405
4979.881,0.3544228,0.35442281,0.35442281,0.35442281,0.048136442,-0.069183694
4980.13,0.36399593,0.36399594,0.36399594,0.36399594,0.031157921,-0.051443023
4980.382,0.37003292,0.37003293,0.37003293,0.37003293,0.022363487,-0.011258794
4980.63,0.37517768,0.37517769,0.37517769,0.37517769,0.025528523,0.031851021
4980.882,0.38279718,0.38279719,0.38279719,0.38279719,0.038288997,0.071339237
4981.129,0.39428389,0.3942839,0.3942839,0.3942839,0.061126803,0.1061492
4981.383,0.41342171,0.41342172,0.41342172,0.41342172,0.091469746,0.13011032
4981.632,0.44029317,0.44029318,0.44029318,0.44029318,0.12657229,0.14241332
4981.88,0.47632814,0.47632815,0.47632815,0.47632815,0.16224917,0.12077216
4982.132,0.52141775,0.52141777,0.52141777,0.52141777,0.18695837,0.064019531
4982.377,0.56924645,0.56924647,0.56924647,0.56924647,0.19406687,0.0044782884
4982.63,0.61806305,0.61806307,0.61806307,0.61806307,0.18918856,-0.027357382
4982.881,0.66459748,0.6645975,0.6645975,0.6645975,0.18027875,-0.037181687
4983.131,0.70838271,0.70838273,0.70829149,0.70829149,0.17056054,-0.025182711
4983.382,0.75004831,2.3380753,0.75014944,2.3381764,0.16766221,0.014128382
4983.632,0.79238148,2.2881512,0.79267407,2.2884438,0.17763885,0.060138755
4983.882,0.83886774,2.2394888,0.83935167,2.2399728,0.19773159,0.082423462
4984.131,0.89104954,2.1922591,0.89172392,2.1929334,0.21876816,0.058237572
4984.38,0.94781428,2.1462485,0.94867899,2.1471132,0.2267339,0.013176202
4984.628,1.0037363,2.1016186,1.0047904,2.1026727,0.22531673,-0.0092138552
4984.881,1.060698,2.0573021,1.0619453,2.0585493,0.22211776,-0.024996716
4985.132,1.1156836,2.01453,1.1171224,2.0159688,0.21271839,-0.054378881
4985.382,1.1672699,1.9730943,1.1688993,1.9747236,0.19487394,-0.075303395
4985.631,1.2129257,1.9329645,1.2147448,1.9347836,0.175142,-0.070076921
4985.881,1.2546657,1.8938022,1.2566752,1.8958116,0.15990556,-0.083431653
4986.131,1.2928785,1.8557543,1.2950782,1.8579539,0.13342617,-0.13496464
4986.38,1.3212454,1.8189501,1.3236344,1.8213391,0.092558203,-0.16979146
4986.632,1.3392502,1.782795,1.3418307,1.7853755,0.048360648,-0.18933727
4986.882,1.3455224,1.7479965,1.3482929,1.7507668,-0.0024891067,-0.18903888
4987.135,1.3379982,1.7138481,1.3409606,1.7168105,-0.046725909,-0.15291884
4987.382,1.3221595,1.6815297,1.3253093,1.6846795,-0.078948526,-0.099165524
4987.634,1.2986028,1.6495792,1.3019436,1.65292,-0.096209506,-0.038704386
4987.882,1.2740547,1.6191276,1.2775834,1.6226562,-0.098300719,0.023865094
4988.13,1.2498457,1.5896438,1.2535621,1.5933602,-0.084372419,0.063985249
4988.381,1.2319529,1.5607724,1.2358592,1.5646786,-0.06637208,0.068297613
4988.631,1.2165933,1.5329686,1.2206885,1.5370638,-0.050155315,0.05152129
4988.883,1.2067749,1.505888,1.2110606,1.5101736,-0.040508393,0.019543367
4989.133,1.1962581,1.4799439,1.2007325,1.4844183,-0.040344545,0.0077175711
4989.383,1.1866027,1.4549013,1.1912657,1.4595643,-0.036649607,0.019496102
4989.631,1.1780066,1.4309336,1.1828566,1.4357836,-0.030635486,0.027001583
4989.88,1.1713768,1.4077295,1.1764145,1.4127672,-0.02322982,0.020149447
4990.129,1.1664381,1.3853711,1.1716634,1.3905963,-0.020601061,0.0094883436
4990.381,1.1610557,1.363588,1.1664706,1.3690029,-0.01847616,0.0054582658
4990.633,1.1571261,1.3426378,1.1627306,1.3482422,-0.017850095,-0.0025604988
4990.881,1.1521306,1.3228171,1.1579215,1.3286079,-0.01975641,-0.0092888701
4991.133,1.1472479,1.30347,1.153228,1.3094501,-0.02249453,-0.010197585
4991.383,1.1408384,1.28505,1.1470062,1.2912178,-0.024875597,-0.0051250092
4991.632,1.134835,1.2674534,1.1411896,1.273808,-0.02505191,-0.005969454
4991.88,1.1283876,1.2506551,1.1349281,1.2571956,-0.027842416,-0.00066035347
4992.131,1.1209416,1.2343765,1.1276702,1.241105,-0.025381426,0.023125441
4992.382,1.1156461,1.2188088,1.1225626,1.2257252,-0.016233445,0.038187775
4992.629,1.1128574,1.204167,1.1199586,1.2112683,-0.006363914,0.040808336
4992.882,1.1124642,1.1898501,1.1197546,1.1971405,0.0041707232,0.043686181
4993.131,1.1149511,1.1764156,1.1224275,1.183892,0.015566549,0.045792517
4993.381,1.1202319,1.1635655,1.127895,1.1712286,0.027021189,0.039292652
4993.629,1.1284076,1.1514342,1.1362558,1.1592823,0.03513429,0.032200142
4993.88,1.1377639,1.1397643,1.1457993,1.1477996,0.04308906,0.020255315
4994.131,1.1500383,1.1286898,1.1582608,1.1369122,0.045302458,-0.0013751556
4994.381,1.1604604,1.1182348,1.1688691,1.1266434,0.042400107,-0.022061504
4994.634,1.1713656,1.1082222,1.1799625,1.1168191,0.034205522,-0.039313842
4994.882,1.1775974,1.0989456,1.1863788,1.107727,0.022703873,-0.046034521
4995.135,1.1827402,1.0900143,1.1917097,1.0989837,0.011142226,-0.050450728
4995.379,1.1831351,1.0818942,1.1922858,1.0910448,-0.0023701392,-0.036307717
4995.632,1.1815623,1.0739697,1.1909008,1.0833082,-0.006902709,-0.011184199
4995.88,1.1796768,1.0666751,1.1891993,1.0761975,-0.0079734231,0.00091086176
4996.132,1.1775756,1.059726,1.1872849,1.0694353,-0.0064472781,0.017720241
4996.381,1.1764467,1.0533021,1.1863405,1.0631958,0.00090441749,0.033220753
4996.63,1.178026,1.0473016,1.1881041,1.0573797,0.010096657,0.021779068
4996.882,1.1815051,1.0416434,1.1917697,1.051908,0.011815731,0.027304079
4997.13,1.1839338,1.0364661,1.1943817,1.046914,0.023748696,0.0097420755
4998.223,1.2133521,1.0178622,1.2246068,1.0291167,0.024879854,-0.0055452738
4999.319,1.2383958,1.0050839,1.250457,1.0171451,0.011610092,-0.011249583
5000.432,1.2389988,0.99671222,1.2518767,1.00959,2.9525525e-05,-0.0028042019
5001.561,1.238462,0.99148546,1.2521658,1.0051892,0.005323071,0.0013520106
5002.718,1.2511674,0.98797116,1.2657149,1.0025187,0.0031202217,-0.010794244
5003.899,1.2457571,0.98485996,1.2611633,1.0002661,-0.019913871,-0.019559349
5005.086,1.2040113,0.98186138,1.2202777,0.99812773,-0.043196316,-0.012444196
5006.299,1.1420859,0.97892694,1.1592285,0.9960695,-0.049779941,-0.00059125359
5007.526,1.0825483,0.976089,1.1005742,0.99411494,-0.044638975,0.0049197385
5008.776,1.0315152,0.97332936,1.0504381,0.99225221,-0.037593749,0.0028831787
5010.046,0.98781202,0.97065801,1.007643,0.99048899,-0.037373365,0.00021150587
5011.337,0.93580201,0.96807565,0.95655291,0.98882652,-0.037052082,0.0045464277
5012.644,0.89155071,0.96559423,0.91322958,0.98727308,-0.025561745,0.010146775
5013.968,0.86854906,0.96321296,0.89116456,0.98582843,-0.010355916,0.0094397026
5015.318,0.86385899,0.96091797,0.88742597,0.98448492,-0.00031998062,0.0046182239
5016.675,0.86768287,0.95874217,0.89220267,0.98326194,0.0021456159,-7.9987302e-05
5018.068,0.86975944,0.95664079,0.89525357,0.98213489,-0.0005399457,-0.0022203911
5019.467,0.86617535,0.95466038,0.89264418,0.9811292,-0.0040537161,-0.0016081672
5020.889,0.8583239,0.95277605,0.88577954,0.98023167,-0.0050765854,0.00051910446
5022.323,0.85167662,0.95100208,0.88012337,0.97944881,-0.0025711537,0.002325461
5023.786,0.85087527,0.94931758,0.88032903,0.97877132,0.0016602753,0.0024779192
5025.269,0.85656779,0.94773371,0.88703803,0.97820393,0.0047287963,0.0014885954
5026.769,0.86498127,0.94625254,0.89647527,0.97774652,0.0061007555,0.00035114601
5028.278,0.87492496,0.94487921,0.90744441,0.97739863,0.0057853946,-0.00070610572
5029.815,0.88260358,0.94359456,0.91616292,0.97715387,0.0039499575,-0.0010080971
5031.376,0.88716193,0.94240131,0.92177265,0.977012,0.0026623098,-0.0005489749
5032.945,0.89093661,0.94130847,0.92659929,0.97697112,0.0022316661,-0.00053182069
5034.535,0.89421176,0.94030307,0.93093556,0.97702684,0.00098228829,-0.00078241813
5036.149,0.89408386,0.93938041,0.93187973,0.97717625,-0.00027520163,2.2160254e-05
5037.788,0.89331653,0.93853691,0.93219584,0.9774162,0.0010543756,0.001567144
5039.436,0.8975496,0.93777602,0.93751299,0.97773939,0.0048760006,0.0022286894
5041.106,0.9094951,0.93708622,0.95055163,0.97814271,0.0084491669,0.00096656144
5042.779,0.92579516,0.93646908,0.9679413,0.97861519,0.0081072155,-0.0012422314
5044.487,0.9369056,0.93590687,0.98015848,0.97915973,0.0042491827,-0.001861953
5046.22,0.9404166,0.93539762,0.98478658,0.97976758,0.0017002353,-0.00058402646
5047.956,0.94280371,0.93494024,0.98828683,0.98042333,0.0022231949,0.00022932966
5049.724,0.94820667,0.93451925,0.99481737,0.98112992,0.0025038064,6.6991751e-05
5051.508,0.95169723,0.93413057,0.99943951,0.98187281,0.0024611496,0.00052825358
5053.306,0.95702251,0.93376554,1.0058989,0.98264193,0.0043960108,0.0012861794
5055.127,0.9676064,0.93341283,1.017625,0.98343141,0.0071158328,0.0009628107
5056.966,0.98306646,0.9330633,1.034232,0.98422877,0.0079198979,-0.00025336731
5058.829,0.99692586,0.93270498,1.0492464,0.98502554,0.006177867,-0.0012763263
5060.707,1.0061779,0.93232809,1.059656,0.98580615,0.0031451611,-0.001628142
5062.607,1.0088083,0.93191911,1.0634504,0.98656121,2.6746413e-05,-0.001464607
5064.53,1.0062801,0.93147033,1.0620932,0.98728335,-0.0024540313,-0.0010807261
5066.458,0.9993578,0.93098575,1.0563375,0.98796546,-0.0041351297,-0.00067719294
5068.419,0.99019859,0.93045839,1.0483575,0.98861729,-0.0050876347,-0.00029268724
5070.389,0.97935831,0.92989472,1.0386942,0.98923062,-0.0052856833,0.00016530674
5072.39,0.96920914,0.92928856,1.0297328,0.98981219,-0.0044312016,0.00058967948
5074.399,0.96158919,0.92864707,1.0232974,0.99035529,-0.0029210686,0.0007006177
5076.429,0.95741095,0.92796661,1.0203081,0.99086377,-0.0016014068,0.00046320965
5078.481,0.95505225,0.92724706,1.0191431,0.99133785,-0.0010302468,0.00011071858
5080.546,0.95316942,0.92649207,1.0184531,0.9917757,-0.0011455784,-0.00029978096
5082.637,0.95029123,0.92569732,1.0167742,0.99218029,-0.0022761364,-0.00077103478
5084.74,0.94362331,0.92486866,1.0113039,0.99254922,-0.0043792983,-0.00099713877
5086.866,0.93177117,0.92400243,1.0006536,0.99288486,-0.0064930363,-0.00069614965
5089.019,0.9158396,0.92309742,0.98593017,0.99318796,-0.0073581226,7.9835986e-05
5091.177,0.90005031,0.92216375,0.97134267,0.99345608,-0.0061488634,0.00077901603
5093.361,0.88914124,0.92119326,0.96164058,0.99369257,-0.003975635,0.00094569068
5095.567,0.88259727,0.92018845,0.95630625,0.99389741,-0.0019972813,0.00084630256
5097.786,0.88030327,0.91915443,0.95521941,0.99407054,-0.00023074617,0.00064271606
5100.028,0.88156791,0.91808761,0.95769391,0.99421358,0.00086987507,0.00027465295
5102.285,0.88421684,0.91699291,0.96155084,0.99432689,0.0010049174,-0.00028130214
5104.57,0.88613225,0.91586516,0.96467907,0.99441196,-0.00040779927,-0.00070886687
5106.872,0.88234626,0.914711,0.96210458,0.9944693,-0.0022466549,-0.00040455748
5109.182,0.87577067,0.91353646,0.95673426,0.99450002,-0.0022736184,0.00028119167
5111.522,0.87177394,0.91233179,0.95394778,0.99450561,-0.00093911364,0.00045327727
5113.87,0.87136811,0.91110987,0.95474555,0.99448729,-0.00014865451,0.00020918563
5116.253,0.87107065,0.90985824,0.95565859,0.99444616,5.0543602e-05,0.00017150862
5118.639,0.87160915,0.90859543,0.95739796,0.99438421,0.0006692701,0.00029888056
5121.048,0.8742798,0.90731273,0.96126973,0.99430264,0.0014836759,0.0002657469
5123.481,0.87879311,0.90601149,0.96698458,0.99420293,0.0019560166,0.00013523375
5125.929,0.88382712,0.90469851,0.97321583,0.9940872,0.0021437518,0.00011276299
5128.404,0.8893468,0.90336948,0.97993402,0.99395667,0.0025111488,0.00023608649
5130.891,0.89628744,0.90203466,0.98806688,0.99381407,0.003315213,0.00027436279
5133.399,0.90590629,0.90069155,0.99887574,0.99366097,0.0038815909,9.2844087e-05
5135.918,0.9158002,0.89934789,1.0099525,0.99350013,0.0037819402,-0.00012209045
5138.472,0.92509207,0.89799345,1.0204309,0.99333224,0.0032622261,-0.00035965385
5141.031,0.93247996,0.89664678,1.0289948,0.99316163,0.0019430301,-0.0006208788
5143.623,0.93510062,0.89529592,1.0327936,0.99298891,6.4079425e-05,-0.00071558056
5146.219,0.9328124,0.89395882,1.0316722,0.99281857,-0.0017694018,-0.00054408793
5148.843,0.92586434,0.89262606,1.02589,0.99265173,-0.0027760596,-0.0001955568
5151.481,0.91820478,0.89130789,1.019389,0.99249209,-0.0027984217,-1.6204804e-05
5154.143,0.91103271,0.89000253,1.0133722,0.99234197,-0.002861945,-8.5814811e-05
5156.821,0.90292199,0.88871728,1.0064096,0.99220489,-0.0032566728,-0.00010226301
5159.521,0.89351832,0.88745272,0.99814934,0.9920837,-0.0034119155,0.00012388122
5162.243,0.88442259,0.88621233,0.99019183,0.99198154,-0.0025849888,0.00041446527
5164.971,0.87943013,0.88500451,0.98632554,0.99189989,-0.0011530798,0.00039651673
5167.73,0.87809564,0.88381832,0.98611517,0.99183783,-0.00040930151,0.00013324568
5170.501,0.8771667,0.88266213,0.98630022,0.99179563,-0.00041623123,-2.6220113e-05
5173.301,0.87577681,0.88152898,0.98602071,0.99177285,-0.00055537376,-3.1585819e-05
5176.111,0.87405105,0.88042665,0.98539383,0.9917694,-0.00059342768,6.6806069e-05
5178.938,0.87243166,0.87935223,0.98486436,0.9917849,-0.00017878795,0.00020919588
5181.792,0.87303535,0.87830205,0.98655248,0.99181916,0.00059501414,0.00022454052
5184.66,0.87583633,0.87728096,0.99042713,0.99187173,0.0011060329,4.2232786e-05
5187.549,0.87940279,0.87628637,0.99505882,0.99194238,0.00083814829,-0.0001883946
5190.448,0.88068753,0.87532191,0.99739604,0.99203039,1.5604969e-05,-0.00021265606
5193.379,0.87949376,0.87438026,0.99724961,0.99213608,-0.00040163655,-5.4092249e-05
5196.33,0.87832511,0.8734654,0.99711844,0.99225871,-0.00030256564,-4.3062066e-05
5199.291,0.87770499,0.87258019,0.99752216,0.99239733,-0.00065621948,-0.00020264692
5202.268,0.87442848,0.87172249,0.99525769,0.99255168,-0.0015058831,-0.00015155062
5205.28,0.86868626,0.87088685,0.99052174,0.99272231,-0.0015638561,0.0001349676
5208.3,0.8649953,0.87008066,0.98782187,0.9929072,-0.00069175848,0.00026025007
5211.339,0.8644949,0.86930056,0.98830074,0.99310638,1.2999042e-05,0.00010555918
5214.401,0.8650746,0.86854536,0.98984883,0.99331956,-4.7741916e-05,-0.00010740205
5217.482,0.86420162,0.8678158,0.98993168,0.99354584,-0.00064677178,-0.00014814744
5220.58,0.8610782,0.86711202,0.98775061,0.99378441,-0.00096314494,6.596763e-06
5223.691,0.85822145,0.86643449,0.98582124,0.99403425,-0.00060581248,0.00013016898
5226.829,0.85729248,0.8657798,0.98580847,0.99429577,-0.00014971896,7.6099868e-05
5229.98,0.85727987,0.86515051,0.98669644,0.99456706,-0.00012722041,-5.6730329e-06
5233.158,0.8564873,0.86454342,0.98679246,0.99484856,-0.00018562358,2.6810222e-05
5236.35,0.85609745,0.8639606,0.98727518,0.9951383,4.356071e-05,5.8424807e-05
5239.558,0.85676609,0.86340109,0.98880064,0.99543562,0.00018829518,3.4796787e-05
5242.791,0.85731025,0.86286283,0.9901879,0.99574045,0.00026768681,5.4442272e-05
5246.051,0.85850418,0.86234509,0.99221122,0.9960521,0.00054178885,8.6296766e-05
5249.309,0.86084163,0.86185176,0.99535674,0.99636683,0.00083016914,3.07681e-05
5252.599,0.86394013,0.86137696,0.99925012,0.99668693,0.00074325837,-7.661873e-05
5255.911,0.86574863,0.86092166,1.0018374,0.99701041,0.00032433228,-8.6194814e-05
5259.24,0.86609402,0.86048586,1.0029439,0.99733571,0.00017083861,-1.161188e-05
5262.579,0.86688778,0.86006964,1.0044792,0.99766107,0.00024690426,4.8085585e-06
5265.95,0.86775075,0.85966955,1.0060687,0.99798749,0.00020310404,-2.7860391e-05
5269.331,0.86825914,0.85928742,1.0072834,0.99831166,5.8790902e-05,-4.4511627e-05
5272.731,0.86814941,0.85892133,1.0078613,0.99863324,-9.8729308e-05,-3.5861178e-05
5276.16,0.86758491,0.85856942,1.0079674,0.99895191,-0.00018610508,-2.5301821e-05
5279.598,0.86687142,0.85823282,1.0079031,0.99926451,-0.00027247691,-2.8323238e-05
5283.059,0.8657051,0.85790917,1.007367,0.99957102,-0.0003815071,-3.6373608e-05
5286.527,0.86422796,0.85759894,1.0064977,0.99986866,-0.00052450965,-4.2340274e-05
5290.032,0.86204769,0.85729845,1.0049078,1.0001586,-0.00067674583,-1.3521287e-05
5293.548,0.85947653,0.85700893,1.0029047,1.0004371,-0.0006194426,3.559431e-05
5297.088,0.8576769,0.85672817,1.0016526,1.0007038,-0.00042559237,4.9074288e-05
5300.642,0.85645738,0.85645594,1.000958,1.0009565,-0.0002713096,1.7270548e-05
5304.217,0.85574274,0.85619165,1.0007464,1.0011953,-0.00030247064,-2.4112832e-05
5307.812,0.85428866,0.85593588,0.9997729,1.0014201,-0.00044419861,-1.2476851e-05
5311.421,0.85254273,0.85568958,0.99848395,1.0016308,-0.00039235387,3.4450227e-05
5315.049,0.8514492,0.8554529,0.99782408,1.0018278,-0.00019488232,2.7984e-05
5318.701,0.85112399,0.85522608,0.99790934,1.0020114,-0.00018863035,-4.4178886e-06
5322.369,0.85006842,0.85501021,0.99723974,1.0021815,-0.00022722126,1.2545806e-05
5326.061,0.84945164,0.85480537,0.9969848,1.0023385,-9.629322e-05,2.7618041e-05
5329.77,0.84935576,0.85461257,0.99722554,1.0024823,-2.2820138e-05,1.4877429e-05
5333.489,0.84928213,0.8544327,0.99746236,1.0026129,1.4216321e-05,1.0913359e-05
5337.241,0.84946197,0.85426528,0.99792793,1.0027312,5.871357e-05,1.1468711e-05
5340.999,0.84972307,0.85411216,0.99844756,1.0028366,0.00010034634,5.4467159e-06
5344.787,0.85021918,0.85397298,0.99917625,1.00293,9.9814489e-05,-3.4102981e-06
5348.591,0.85048086,0.85384896,0.99964319,1.0030113,7.4455361e-05,1.6031485e-05
5352.411,0.85078683,0.85374071,1.0001267,1.0030806,0.00022203853,3.5483966e-05
5356.249,0.85218123,0.85364884,1.0016707,1.0031383,0.00034619157,8.3192532e-06
5360.111,0.8534525,0.85357393,1.0030634,1.0031848,0.00028609678,-1.7159366e-05
5363.99,0.85439591,0.85351683,1.0040993,1.0032202,0.00021336092,-8.0046724e-06
5367.89,0.85511224,0.85347821,1.0048789,1.0032449,0.00022382843,2.0470571e-06
5371.81,0.85614625,0.85345884,1.0059465,1.0032591,0.0002293689,-1.0249107e-05
5375.741,0.85691301,0.85345946,1.0067167,1.0032631,0.00014336269,-3.0458688e-05
5379.698,0.85727709,0.85348084,1.0070536,1.0032573,-1.088923e-05,-4.2949076e-05
5383.672,0.85682665,0.85352374,1.006545,1.003242,-0.00019726644,-3.7977244e-05
5387.672,0.85570409,0.85358911,1.0053326,1.0032176,-0.00031371977,-8.5215553e-06
5391.679,0.8543147,0.8536774,1.0038218,1.0031845,-0.00026549853,2.2162972e-05
5395.713,0.85356921,0.85378984,1.0029223,1.0031429,-0.00013550731,2.3447982e-05
5399.762,0.85321939,0.85392699,1.0023858,1.0030934,-7.5968491e-05,1.4787069e-05
5403.828,0.85295273,0.85408972,1.0018994,1.0030363,-1.5510251e-05,1.108826e-05
5407.922,0.85309283,0.8542794,1.0017854,1.002972,1.4511708e-05,1.084627e-05
5412.032,0.85307178,0.85449643,1.0014763,1.0029009,7.3472549e-05,2.1290702e-05
5416.149,0.85369728,0.85474111,1.00178,1.0028238,0.00018967032,2.4672709e-05
5420.3,0.85463998,0.85501598,1.0023647,1.0027406,0.00027746651,1.7534349e-05
5424.461,0.85600359,0.85532046,1.0033355,1.0026523,0.00033541582,-5.2603432e-07
5428.652,0.85744137,0.85565701,1.0043433,1.0025589,0.00027307307,-2.1588096e-05
5432.848,0.85829385,0.85602455,1.0047308,1.0024615,0.00015435646,-2.4305611e-05
5437.07,0.85874074,0.85642584,1.004675,1.0023601,6.8468431e-05,-1.3240974e-05
5441.311,0.8588733,0.85686132,1.0042675,1.0022555,4.2298095e-05,3.7121507e-06
5445.57,0.85910028,0.85733188,1.0039166,1.0021482,0.00010002171,8.9481822e-06
5449.847,0.85972708,0.85783856,1.0039273,1.0020387,0.00011867978,7.9311202e-07
5454.15,0.86011855,0.85838345,1.0036627,1.0019276,0.00010682661,4.3890178e-06
5458.472,0.86064846,0.85896683,1.0034972,1.0018155,0.00015653506,3.3325932e-06
5462.801,0.86147273,0.85958802,1.0035882,1.0017034,0.00013565688,-1.2000594e-05
5467.155,0.86182637,0.86025067,1.0031672,1.0015915,5.2333903e-05,-1.6926425e-05
5471.53,0.86192956,0.8609554,1.0024547,1.0014805,-1.2093884e-05,-7.4069432e-06
5475.93,0.86172025,0.86170412,1.0013871,1.001371,-1.2662024e-05,4.5239266e-06
5480.341,0.86181799,0.86249518,1.0005864,1.0012636,2.7766434e-05,7.8800057e-06
5484.771,0.86196573,0.86332964,0.9997934,1.0011573,5.7005106e-05,6.9515468e-06
5489.22,0.86232414,0.86420709,0.99916833,1.0010513,8.9489218e-05,3.1232104e-07
5493.693,0.86276415,0.86512814,0.99858045,1.0009444,5.9791635e-05,3.0881868e-06
5498.18,0.86285987,0.86609026,0.99760565,1.000836,0.00011715937,1.7550222e-05
5502.69,0.86381824,0.8670949,0.99744825,1.0007249,0.00021769098,1.6625065e-05
5507.209,0.86482541,0.86813835,0.99729743,1.0006103,0.00026726708,1.2465653e-05
5511.759,0.86624208,0.86922518,0.99750774,1.0004908,0.00033074198,1.3112889e-05
5516.323,0.86783979,0.87035087,0.9978546,1.0003657,0.00038677795,1.1984892e-05
5520.91,0.86978149,0.87151705,0.99849801,1.0002335,0.00044041573,8.7456958e-06
5525.508,0.87188501,0.87272001,0.99925873,1.0000937,0.00046710717,1.3993147e-06
5530.129,0.87408775,0.87396224,1.0000702,0.99994468,0.00045331601,-5.0607994e-06
5534.771,0.87608407,0.87524261,1.0006268,0.99978533,0.00042022898,-6.5691208e-06
5539.43,0.8779963,0.87655934,1.0010516,0.99961459,0.00039221662,-1.0494638e-05
5544.11,0.87974698,0.87791287,1.0012653,0.99943112,0.00032221956,-1.4363943e-05
5548.81,0.88101872,0.87930222,1.0009502,0.99923369,0.00025748284,-7.1073096e-06
5553.528,0.88217196,0.88072604,1.000467,0.9990211,0.00025528292,1.3936517e-06
5558.259,0.88343089,0.88218199,1.0000413,0.99879233,0.00027065145,5.4643935e-06
5563.02,0.88474098,0.88367454,0.99961165,0.99854519,0.00030715094,2.6486832e-06
5567.792,0.88635896,0.88519695,0.99944133,0.99827929,0.00029590135,-3.5185112e-06
5572.589,0.88757246,0.8867528,0.99881217,0.99799249,0.00027348231,-3.0457058e-06
5577.398,0.88898603,0.88833699,0.9983332,0.99768414,0.0002666443,-2.0739179e-06
5582.229,0.89014291,0.88995189,0.99754325,0.9973522,0.00025348974,4.5073521e-07
5587.079,0.89144006,0.89159558,0.99683989,0.99699538,0.00027100787,4.0292041e-06
5591.949,0.89277711,0.89326744,0.99612178,0.99661209,0.0002926536,4.1130102e-06
5596.844,0.89429782,0.89496826,0.99552995,0.99620035,0.00031117141,3.9104875e-06
5601.75,0.8958269,0.89669212,0.9948946,0.9957598,0.00033098029,5.2293031e-06
5606.67,0.89755004,0.89843898,0.99439976,0.99528868,0.00036255455,7.017446e-06
5611.62,0.89940531,0.90021347,0.99397566,0.99478379,0.00040024248,3.348754e-06
5616.58,0.90151644,0.90200733,0.99375462,0.99424549,0.0003957407,-2.5346722e-06
5621.568,0.90334214,0.90382594,0.99318637,0.99367014,0.00037502756,-3.2585377e-07
5626.568,0.90526221,0.90566232,0.99265778,0.99305786,0.00039248607,5.3054631e-06
5631.589,0.90727524,0.90751856,0.99216255,0.99240584,0.00042819361,-9.7733479e-07
5636.629,0.90957027,0.90939271,0.99189014,0.99171255,0.00038265311,-5.6344104e-06
5641.688,0.91113966,0.91128352,0.99083233,0.99097617,0.0003712917,1.5302767e-06
5646.771,0.91333591,0.91319159,0.9903384,0.99019406,0.00039817317,-1.7670952e-06
5651.87,0.91519386,0.91511261,0.98944682,0.98936554,0.00035329913,-4.8892802e-06
5656.99,0.91694627,0.91704711,0.98838711,0.98848791,0.00034820962,3.1319179e-06
5662.121,0.91876335,0.91898994,0.98733446,0.98756102,0.00038540443,6.3505554e-06
5667.282,0.92091286,0.92094688,0.98654541,0.9865794,0.00041356953,3.404669e-06
5672.451,0.92303553,0.92290815,0.98567264,0.98554523,0.00042057466,1.1242885e-06
5677.649,0.92527295,0.92488026,0.984845,0.98445228,0.00042522503,-4.0718265e-07
5682.86,0.92746169,0.92685561,0.98390786,0.98330175,0.00041633629,-9.2793315e-07
5688.089,0.9296195,0.92883459,0.98287548,0.98209054,0.00041553741,1.1105785e-06
5693.339,0.93181611,0.93081674,0.98181517,0.98081578,0.00042797404,2.584689e-06
5698.61,0.93412222,0.93280047,0.98079699,0.97947521,0.00044273092,7.4729559e-07
5703.899,0.93649135,0.93478301,0.97977574,0.97806737,0.00043586549,-1.7823958e-06
5709.208,0.93874152,0.93676342,0.97856756,0.97658943,0.00042384109,-2.2649076e-06
